rank_within_split,split,scene,acquisition_date,tile_name,tile,label,mask_pixels,latitude,longitude,left,bottom,right,top,center_x,center_y,cnn_score,unet_mean_probability,unet_max_probability,unet_p95_probability,candidate_pixel_count,candidate_fraction,final_fusion_score
1,validation,S1A_20190824,2019-08-24,S1A_20190824_r16420_c16832_negative.npz,D:\SIHwork_2026\data\training_tiles_clean\tiles_npz\S1A_20190824_r16420_c16832_negative.npz,negative,0,20.100507952389176,71.02648511370305,709320.0398668933,2221331.6731203357,714440.0398668933,2226451.6731203357,711880.0398668933,2223891.6731203357,0.8470677733421326,0.17419400811195374,0.37225136160850525,0.24582214653491974,54988,0.2097625732421875,2.27278559074222
2,validation,S1A_20190824,2019-08-24,S1A_20190824_r16932_c16832_negative.npz,D:\SIHwork_2026\data\training_tiles_clean\tiles_npz\S1A_20190824_r16932_c16832_negative.npz,negative,0,20.05426959142469,71.02589074319089,709320.0398668933,2216211.6731203357,714440.0398668933,2221331.6731203357,711880.0398668933,2218771.6731203357,0.8606759905815125,0.1734069436788559,0.35731610655784607,0.23787647485733032,51923,0.19807052612304688,2.222913050950918
3,validation,S1A_20190824,2019-08-24,S1A_20190824_r19492_c25024_positive.npz,D:\SIHwork_2026\data\training_tiles_clean\tiles_npz\S1A_20190824_r19492_c25024_positive.npz,positive,58609,19.812503630182803,71.80448006200643,791240.0398668933,2190611.6731203357,796360.0398668933,2195731.6731203357,793800.0398668933,2193171.6731203357,0.7975133061408997,0.17742520570755005,0.36750978231430054,0.24987338483333588,64091,0.24448776245117188,2.2056166135044113
4,validation,S1A_20190824,2019-08-24,S1A_20190824_r16420_c17344_negative.npz,D:\SIHwork_2026\data\training_tiles_clean\tiles_npz\S1A_20190824_r16420_c17344_negative.npz,negative,0,20.099938902401952,71.07543057392425,714440.0398668933,2221331.6731203357,719560.0398668933,2226451.6731203357,717000.0398668933,2223891.6731203357,0.8092809915542603,0.17526176571846008,0.36348268389701843,0.24389897286891937,58751,0.22411727905273438,2.1674764395569666
5,validation,S1A_20190824,2019-08-24,S1A_20190824_r18980_c25024_positive.npz,D:\SIHwork_2026\data\training_tiles_clean\tiles_npz\S1A_20190824_r18980_c25024_positive.npz,positive,16845,19.858716605553976,71.80529196185358,791240.0398668933,2195731.6731203357,796360.0398668933,2200851.6731203357,793800.0398668933,2198291.6731203357,0.7855139374732971,0.17786617577075958,0.35820645093917847,0.24655334651470184,64590,0.24639129638671875,2.145068138903883
6,validation,S1A_20190824,2019-08-24,S1A_20190824_r16932_c17344_positive.npz,D:\SIHwork_2026\data\training_tiles_clean\tiles_npz\S1A_20190824_r16932_c17344_positive.npz,positive,7953,20.053701959983826,71.07482187246526,714440.0398668933,2216211.6731203357,719560.0398668933,2221331.6731203357,717000.0398668933,2218771.6731203357,0.6858410239219666,0.17286840081214905,0.36760270595550537,0.2489534169435501,53328,0.20343017578125,1.8584012229106899
7,validation,S1A_20190824,2019-08-24,S1A_20190824_r17444_c16832_negative.npz,D:\SIHwork_2026\data\training_tiles_clean\tiles_npz\S1A_20190824_r17444_c16832_negative.npz,negative,0,20.008030972019167,71.02529803248002,709320.0398668933,2211091.6731203357,714440.0398668933,2216211.6731203357,711880.0398668933,2213651.6731203357,0.7218673229217529,0.1660553216934204,0.35456418991088867,0.22312955558300018,32002,0.12207794189453125,1.6708726494881085
8,validation,S1A_20190824,2019-08-24,S1A_20190824_r18468_c25024_positive.npz,D:\SIHwork_2026\data\training_tiles_clean\tiles_npz\S1A_20190824_r18468_c25024_positive.npz,positive,20148,19.904929309608516,71.80610614823692,791240.0398668933,2200851.6731203357,796360.0398668933,2205971.6731203357,793800.0398668933,2203411.6731203357,0.6510878205299377,0.16967856884002686,0.36546093225479126,0.23234403133392334,43503,0.16595077514648438,1.6157236219221556
9,validation,S1A_20190812,2019-08-12,S1A_20190812_r15908_c22463_positive.npz,D:\SIHwork_2026\data\training_tiles_clean\tiles_npz\S1A_20190812_r15908_c22463_positive.npz,positive,2854,20.139691677026192,71.56550222539866,765636.2547835225,2226448.068746178,770756.2547835225,2231568.068746178,768196.2547835225,2229008.068746178,0.80539470911026,0.15821796655654907,0.3396460711956024,0.1838134527206421,8333,0.031787872314453125,1.336541255625685
10,validation,S1A_20190812,2019-08-12,S1A_20190812_r15908_c21439_negative.npz,D:\SIHwork_2026\data\training_tiles_clean\tiles_npz\S1A_20190812_r15908_c21439_negative.npz,negative,0,20.14109066508423,71.4676182089931,755396.2547835225,2226448.068746178,760516.2547835225,2231568.068746178,757956.2547835225,2229008.068746178,0.6649090051651001,0.15896238386631012,0.3196670114994049,0.20074783265590668,13583,0.051815032958984375,1.2702730430324631
11,validation,S1A_20190824,2019-08-24,S1A_20190824_r16420_c18368_negative.npz,D:\SIHwork_2026\data\training_tiles_clean\tiles_npz\S1A_20190824_r16420_c18368_negative.npz,negative,0,20.098760130197952,71.1733163481068,724680.0398668933,2221331.6731203357,729800.0398668933,2226451.6731203357,727240.0398668933,2223891.6731203357,0.5779960751533508,0.1625768542289734,0.3366588354110718,0.21253737807273865,24031,0.09167098999023438,1.2391626748941118
12,validation,S1A_20190812,2019-08-12,S1A_20190812_r15908_c21951_negative.npz,D:\SIHwork_2026\data\training_tiles_clean\tiles_npz\S1A_20190812_r15908_c21951_negative.npz,negative,0,20.140397957007714,71.51656124963903,760516.2547835225,2226448.068746178,765636.2547835225,2231568.068746178,763076.2547835225,2229008.068746178,0.6501318216323853,0.15740621089935303,0.3262331485748291,0.1961265653371811,11284,0.0430450439453125,1.189807566098353
13,validation,S1A_20190812,2019-08-12,S1A_20190812_r17444_c22463_negative.npz,D:\SIHwork_2026\data\training_tiles_clean\tiles_npz\S1A_20190812_r17444_c22463_negative.npz,negative,0,20.001028974187918,71.56324662760144,765636.2547835225,2211088.068746178,770756.2547835225,2216208.068746178,768196.2547835225,2213648.068746178,0.6336997747421265,0.1568402349948883,0.3287627100944519,0.18951527774333954,8764,0.0334320068359375,1.0902922365379626
14,validation,S1A_20190812,2019-08-12,S1A_20190812_r16420_c21951_negative.npz,D:\SIHwork_2026\data\training_tiles_clean\tiles_npz\S1A_20190812_r16420_c21951_negative.npz,negative,0,20.094175567620045,71.51582162829816,760516.2547835225,2221328.068746178,765636.2547835225,2226448.068746178,763076.2547835225,2223888.068746178,0.620829701423645,0.1573433130979538,0.33014100790023804,0.1909029185771942,9175,0.034999847412109375,1.0814011598900979
15,validation,S1A_20190812,2019-08-12,S1A_20190812_r15396_c21439_negative.npz,D:\SIHwork_2026\data\training_tiles_clean\tiles_npz\S1A_20190812_r15396_c21439_negative.npz,negative,0,20.187314510417462,71.46834550668765,755396.2547835225,2231568.068746178,760516.2547835225,2236688.068746178,757956.2547835225,2234128.068746178,0.5459498763084412,0.1584462821483612,0.34953880310058594,0.20344951748847961,15008,0.0572509765625,1.0681252833389532
16,validation,S1A_20190824,2019-08-24,S1A_20190824_r16420_c17856_negative.npz,D:\SIHwork_2026\data\training_tiles_clean\tiles_npz\S1A_20190824_r16420_c17856_negative.npz,negative,0,20.099356294330093,71.12437433207329,719560.0398668933,2221331.6731203357,724680.0398668933,2226451.6731203357,722120.0398668933,2223891.6731203357,0.536798357963562,0.15959128737449646,0.3273192048072815,0.20467108488082886,16465,0.06280899047851562,1.066705511131512
17,validation,S1A_20190812,2019-08-12,S1A_20190812_r16420_c21439_negative.npz,D:\SIHwork_2026\data\training_tiles_clean\tiles_npz\S1A_20190812_r16420_c21439_negative.npz,negative,0,20.09486655232901,71.46689293615982,755396.2547835225,2221328.068746178,760516.2547835225,2226448.068746178,757956.2547835225,2223888.068746178,0.6116475462913513,0.15687976777553558,0.31306350231170654,0.19006948173046112,8791,0.033535003662109375,1.0557859494550232
18,validation,S1A_20190812,2019-08-12,S1A_20190812_r15908_c25535_negative.npz,D:\SIHwork_2026\data\training_tiles_clean\tiles_npz\S1A_20190812_r15908_c25535_negative.npz,negative,0,20.135169127787442,71.85910247709225,796356.2547835225,2226448.068746178,801476.2547835225,2231568.068746178,798916.2547835225,2229008.068746178,0.5892847180366516,0.15657779574394226,0.3258737623691559,0.18877938389778137,8907,0.033977508544921875,1.0117386966121584
19,validation,S1A_20190812,2019-08-12,S1A_20190812_r15908_c25023_negative.npz,D:\SIHwork_2026\data\training_tiles_clean\tiles_npz\S1A_20190812_r15908_c25023_negative.npz,negative,0,20.135956786043167,71.8101747306566,791236.2547835225,2226448.068746178,796356.2547835225,2231568.068746178,793796.2547835225,2229008.068746178,0.5516870021820068,0.15709425508975983,0.3542373776435852,0.19511406123638153,10967,0.041835784912109375,1.0013642308736523
20,validation,S1A_20190812,2019-08-12,S1A_20190812_r17956_c21951_negative.npz,D:\SIHwork_2026\data\training_tiles_clean\tiles_npz\S1A_20190812_r17956_c21951_negative.npz,negative,0,19.95550679445049,71.51361512602094,760516.2547835225,2205968.068746178,765636.2547835225,2211088.068746178,763076.2547835225,2208528.068746178,0.6068544983863831,0.15634892880916595,0.30318400263786316,0.18644613027572632,6919,0.026393890380859375,1.000453392878688
21,validation,S1A_20190812,2019-08-12,S1A_20190812_r15396_c25023_negative.npz,D:\SIHwork_2026\data\training_tiles_clean\tiles_npz\S1A_20190812_r15396_c25023_negative.npz,negative,0,20.18216785204693,71.81100268799504,791236.2547835225,2231568.068746178,796356.2547835225,2236688.068746178,793796.2547835225,2234128.068746178,0.5175466537475586,0.15823599696159363,0.33387064933776855,0.20051555335521698,13364,0.0509796142578125,0.9859144128370932
22,validation,S1A_20190812,2019-08-12,S1A_20190812_r16420_c22463_positive.npz,D:\SIHwork_2026\data\training_tiles_clean\tiles_npz\S1A_20190812_r16420_c22463_positive.npz,positive,7826,20.09347104475601,71.56474825831319,765636.2547835225,2221328.068746178,770756.2547835225,2226448.068746178,768196.2547835225,2223888.068746178,0.6147025227546692,0.15575195848941803,0.35784074664115906,0.1802903562784195,6754,0.02576446533203125,0.977258532088127
23,validation,S1A_20190812,2019-08-12,S1A_20190812_r15396_c22463_negative.npz,D:\SIHwork_2026\data\training_tiles_clean\tiles_npz\S1A_20190812_r15396_c22463_negative.npz,negative,0,20.18591203989608,71.566258297389,765636.2547835225,2231568.068746178,770756.2547835225,2236688.068746178,768196.2547835225,2234128.068746178,0.514354944229126,0.1575053632259369,0.3258058428764343,0.19878554344177246,12634,0.04819488525390625,0.9656374229287121
24,validation,S1A_20190812,2019-08-12,S1A_20190812_r15396_c25535_negative.npz,D:\SIHwork_2026\data\training_tiles_clean\tiles_npz\S1A_20190812_r15396_c25535_negative.npz,negative,0,20.181378233212712,71.85994480243455,796356.2547835225,2231568.068746178,801476.2547835225,2236688.068746178,798916.2547835225,2234128.068746178,0.5477498173713684,0.15647819638252258,0.32589197158813477,0.18930815160274506,9402,0.03586578369140625,0.9486694905957858
25,validation,S1A_20190812,2019-08-12,S1A_20190812_r16932_c21951_negative.npz,D:\SIHwork_2026\data\training_tiles_clean\tiles_npz\S1A_20190812_r16932_c21951_negative.npz,negative,0,20.04795291037084,71.51508406908218,760516.2547835225,2216208.068746178,765636.2547835225,2221328.068746178,763076.2547835225,2218768.068746178,0.602206289768219,0.15520621836185455,0.32595372200012207,0.17983905971050262,6221,0.023731231689453125,0.9460940550624479
26,validation,S1A_20190812,2019-08-12,S1A_20190812_r17956_c22463_positive.npz,D:\SIHwork_2026\data\training_tiles_clean\tiles_npz\S1A_20190812_r17956_c22463_positive.npz,positive,5748,19.954807536977782,71.56249895837196,765636.2547835225,2205968.068746178,770756.2547835225,2211088.068746178,768196.2547835225,2208528.068746178,0.5444825291633606,0.15642039477825165,0.30548787117004395,0.18659527599811554,8416,0.0321044921875,0.9182424181263492
27,validation,S1A_20190812,2019-08-12,S1A_20190812_r15396_c21951_negative.npz,D:\SIHwork_2026\data\training_tiles_clean\tiles_npz\S1A_20190812_r15396_c21951_negative.npz,negative,0,20.186620077993766,71.51730293586776,760516.2547835225,2231568.068746178,765636.2547835225,2236688.068746178,763076.2547835225,2234128.068746178,0.5072108507156372,0.15715648233890533,0.34615030884742737,0.1942806839942932,10569,0.040317535400390625,0.9130612531303545
28,validation,S1A_20190812,2019-08-12,S1A_20190812_r17956_c20927_negative.npz,D:\SIHwork_2026\data\training_tiles_clean\tiles_npz\S1A_20190812_r17956_c20927_negative.npz,negative,0,19.95686499595969,71.4158413394578,750276.2547835225,2205968.068746178,755396.2547835225,2211088.068746178,752836.2547835225,2208528.068746178,0.5474568605422974,0.15603455901145935,0.3451657295227051,0.185433492064476,7561,0.028842926025390625,0.9066358079503967
29,validation,S1A_20190812,2019-08-12,S1A_20190812_r17444_c21439_negative.npz,D:\SIHwork_2026\data\training_tiles_clean\tiles_npz\S1A_20190812_r17444_c21439_negative.npz,negative,0,20.002417526701166,71.46544845424788,755396.2547835225,2211088.068746178,760516.2547835225,2216208.068746178,757956.2547835225,2213648.068746178,0.5263818502426147,0.15670156478881836,0.32554832100868225,0.18709821999073029,8737,0.033329010009765625,0.8937953475181099
30,validation,S1A_20190812,2019-08-12,S1A_20190812_r16932_c21439_negative.npz,D:\SIHwork_2026\data\training_tiles_clean\tiles_npz\S1A_20190812_r16932_c21439_negative.npz,negative,0,20.04864217268881,71.46616968547816,755396.2547835225,2216208.068746178,760516.2547835225,2221328.068746178,757956.2547835225,2218768.068746178,0.5678857564926147,0.155603289604187,0.32624754309654236,0.17962349951267242,6192,0.02362060546875,0.8906289693839377
31,validation,S1A_20190812,2019-08-12,S1A_20190812_r17956_c21439_negative.npz,D:\SIHwork_2026\data\training_tiles_clean\tiles_npz\S1A_20190812_r17956_c21439_negative.npz,negative,0,19.95619261490407,71.46472923977811,755396.2547835225,2205968.068746178,760516.2547835225,2211088.068746178,757956.2547835225,2208528.068746178,0.5267461538314819,0.15581044554710388,0.31003308296203613,0.18493571877479553,8279,0.031581878662109375,0.8788315826631786
32,validation,S1A_20190812,2019-08-12,S1A_20190812_r17444_c21951_negative.npz,D:\SIHwork_2026\data\training_tiles_clean\tiles_npz\S1A_20190812_r17444_c21951_negative.npz,negative,0,20.001729985800637,71.51434856923771,760516.2547835225,2211088.068746178,765636.2547835225,2216208.068746178,763076.2547835225,2213648.068746178,0.5684183835983276,0.15553852915763855,0.3020501136779785,0.1772303730249405,4596,0.0175323486328125,0.8495649087549867
33,validation,S1A_20190812,2019-08-12,S1A_20190812_r16932_c22463_positive.npz,D:\SIHwork_2026\data\training_tiles_clean\tiles_npz\S1A_20190812_r16932_c22463_positive.npz,positive,6214,20.047250143628705,71.56399639331629,765636.2547835225,2216208.068746178,770756.2547835225,2221328.068746178,768196.2547835225,2218768.068746178,0.5345514416694641,0.1552780121564865,0.3309866487979889,0.17818017303943634,7261,0.027698516845703125,0.8467802074806762
34,validation,S1A_20190824,2019-08-24,S1A_20190824_r16932_c18368_negative.npz,D:\SIHwork_2026\data\training_tiles_clean\tiles_npz\S1A_20190824_r16932_c18368_negative.npz,negative,0,20.0525261262299,71.17267899163024,724680.0398668933,2216211.6731203357,729800.0398668933,2221331.6731203357,727240.0398668933,2218771.6731203357,0.451485812664032,0.15734350681304932,0.3372805714607239,0.19605422019958496,11070,0.04222869873046875,0.8242656552821671
35,validation,S1A_20190812,2019-08-12,S1A_20190812_r17444_c20927_negative.npz,D:\SIHwork_2026\data\training_tiles_clean\tiles_npz\S1A_20190812_r17444_c20927_negative.npz,negative,0,20.003091594503836,71.41654632249907,750276.2547835225,2211088.068746178,755396.2547835225,2216208.068746178,752836.2547835225,2213648.068746178,0.5027532577514648,0.15563122928142548,0.30632084608078003,0.18260449171066284,7014,0.02675628662109375,0.8130072964878825
36,validation,S1A_20190812,2019-08-12,S1A_20190812_r15908_c20927_negative.npz,D:\SIHwork_2026\data\training_tiles_clean\tiles_npz\S1A_20190812_r15908_c20927_negative.npz,negative,0,20.141769798849573,71.41867314348751,750276.2547835225,2226448.068746178,755396.2547835225,2231568.068746178,752836.2547835225,2229008.068746178,0.5265598297119141,0.15431508421897888,0.31598037481307983,0.1746726930141449,4529,0.017276763916015625,0.7742946909961055
37,validation,S1A_20190824,2019-08-24,S1A_20190824_r16932_c17856_negative.npz,D:\SIHwork_2026\data\training_tiles_clean\tiles_npz\S1A_20190824_r16932_c17856_negative.npz,negative,0,20.05312080424604,71.12375130194174,719560.0398668933,2216211.6731203357,724680.0398668933,2221331.6731203357,722120.0398668933,2218771.6731203357,0.3547654449939728,0.16007797420024872,0.3386521637439728,0.20808511972427368,19370,0.07389068603515625,0.7287304401916015
38,validation,S1A_20190812,2019-08-12,S1A_20190812_r15396_c20927_negative.npz,D:\SIHwork_2026\data\training_tiles_clean\tiles_npz\S1A_20190812_r15396_c20927_negative.npz,negative,0,20.18799533475411,71.41938604992878,750276.2547835225,2231568.068746178,755396.2547835225,2236688.068746178,752836.2547835225,2234128.068746178,0.423919677734375,0.15527009963989258,0.3122391402721405,0.17953643202781677,7070,0.02696990966796875,0.6746119301593735
39,validation,S1A_20190812,2019-08-12,S1A_20190812_r16932_c20927_negative.npz,D:\SIHwork_2026\data\training_tiles_clean\tiles_npz\S1A_20190812_r16932_c20927_negative.npz,negative,0,20.049317928190142,71.41725328242434,750276.2547835225,2216208.068746178,755396.2547835225,2221328.068746178,752836.2547835225,2218768.068746178,0.45485106110572815,0.15390938520431519,0.2922656536102295,0.17398269474506378,3534,0.01348114013671875,0.6465799443295432
40,validation,S1A_20190812,2019-08-12,S1A_20190812_r16420_c20927_negative.npz,D:\SIHwork_2026\data\training_tiles_clean\tiles_npz\S1A_20190812_r16420_c20927_negative.npz,negative,0,20.095543996483563,71.41796222187145,750276.2547835225,2221328.068746178,755396.2547835225,2226448.068746178,752836.2547835225,2223888.068746178,0.47246700525283813,0.153391033411026,0.29838061332702637,0.1716078519821167,2393,0.009128570556640625,0.6308534414521421
41,validation,S1A_20190812,2019-08-12,S1A_20190812_r15396_c26047_negative.npz,D:\SIHwork_2026\data\training_tiles_clean\tiles_npz\S1A_20190812_r15396_c26047_negative.npz,negative,0,20.180575026912067,71.9088845689351,801476.2547835225,2231568.068746178,806596.2547835225,2236688.068746178,804036.2547835225,2234128.068746178,0.6263887286186218,0.14997857809066772,0.25864890217781067,0.1892833709716797,190,0.00072479248046875,0.6227356419092404
42,validation,S1A_20190812,2019-08-12,S1A_20190812_r15908_c26047_negative.npz,D:\SIHwork_2026\data\training_tiles_clean\tiles_npz\S1A_20190812_r15908_c26047_negative.npz,negative,0,20.1343679157825,71.90802787873534,801476.2547835225,2226448.068746178,806596.2547835225,2231568.068746178,804036.2547835225,2229008.068746178,0.6207343339920044,0.15755148231983185,0.20040184259414673,0.19029481709003448,1,3.814697265625e-06,0.08187629623771897
43,validation,S1A_20190824,2019-08-24,S1A_20190824_r20004_c25024_positive.npz,D:\SIHwork_2026\data\training_tiles_clean\tiles_npz\S1A_20190824_r20004_c25024_positive.npz,positive,24736,19.76629038405721,71.8036704456768,791240.0398668933,2185491.6731203357,796360.0398668933,2190611.6731203357,793800.0398668933,2188051.6731203357,0.6623601913452148,0.1483127474784851,0.1951918601989746,0.16044509410858154,0,0.0,0.0
1,test,S1A_20190824,2019-08-24,S1A_20190824_r15908_c25536_negative.npz,D:\SIHwork_2026\data\training_tiles_clean\tiles_npz\S1A_20190824_r15908_c25536_negative.npz,negative,0,20.135201070829105,71.8591392394073,796360.0398668933,2226451.6731203357,801480.0398668933,2231571.6731203357,798920.0398668933,2229011.6731203357,0.7664380669593811,0.168387308716774,0.3621101379394531,0.2291749268770218,38898,0.14838409423828125,1.8563793020944395
2,test,S1A_20190824,2019-08-24,S1A_20190824_r15908_c24000_positive.npz,D:\SIHwork_2026\data\training_tiles_clean\tiles_npz\S1A_20190824_r15908_c24000_positive.npz,positive,5250,20.137523407595918,71.71234910031352,781000.0398668933,2226451.6731203357,786120.0398668933,2231571.6731203357,783560.0398668933,2229011.6731203357,0.8071721792221069,0.16624042391777039,0.3334180414676666,0.21761766076087952,31434,0.11991119384765625,1.819025665515243
3,test,S1A_20190824,2019-08-24,S1A_20190824_r15396_c25536_negative.npz,D:\SIHwork_2026\data\training_tiles_clean\tiles_npz\S1A_20190824_r15396_c25536_negative.npz,negative,0,20.181410174598142,71.85998157702214,796360.0398668933,2231571.6731203357,801480.0398668933,2236691.6731203357,798920.0398668933,2234131.6731203357,0.8442633152008057,0.16326946020126343,0.3519503176212311,0.2112327516078949,22930,0.08747100830078125,1.790537763860082
4,test,S1A_20190824,2019-08-24,S1A_20190824_r16932_c25536_negative.npz,D:\SIHwork_2026\data\training_tiles_clean\tiles_npz\S1A_20190824_r16932_c25536_negative.npz,negative,0,20.042782036473675,71.8574615955205,796360.0398668933,2216211.6731203357,801480.0398668933,2221331.6731203357,798920.0398668933,2218771.6731203357,0.7146230936050415,0.1704542636871338,0.3603358566761017,0.23256704211235046,44124,0.1683197021484375,1.7774489822134938
5,test,S1A_20190824,2019-08-24,S1A_20190824_r17956_c25024_positive.npz,D:\SIHwork_2026\data\training_tiles_clean\tiles_npz\S1A_20190824_r17956_c25024_positive.npz,positive,4857,19.951141741784664,71.80692262418566,791240.0398668933,2205971.6731203357,796360.0398668933,2211091.6731203357,793800.0398668933,2208531.6731203357,0.740563154220581,0.16786664724349976,0.36834827065467834,0.22625859081745148,37190,0.14186859130859375,1.763358742501505
6,test,S1A_20190824,2019-08-24,S1A_20190824_r15396_c24000_negative.npz,D:\SIHwork_2026\data\training_tiles_clean\tiles_npz\S1A_20190824_r15396_c24000_negative.npz,negative,0,20.18373829199489,71.71314832461327,781000.0398668933,2231571.6731203357,786120.0398668933,2236691.6731203357,783560.0398668933,2234131.6731203357,0.8286868333816528,0.1620211899280548,0.3249365985393524,0.2099524885416031,23423,0.08935165405273438,1.7505515542370498
7,test,S1A_20190824,2019-08-24,S1A_20190824_r16932_c22464_positive.npz,D:\SIHwork_2026\data\training_tiles_clean\tiles_npz\S1A_20190824_r16932_c22464_positive.npz,positive,6170,20.04728215774905,71.56403308072504,765640.0398668933,2216211.6731203357,770760.0398668933,2221331.6731203357,768200.0398668933,2218771.6731203357,0.7849340438842773,0.16373081505298615,0.34943920373916626,0.21509256958961487,26867,0.10248947143554688,1.7218805426149388
8,test,S1A_20190824,2019-08-24,S1A_20190824_r16932_c25024_negative.npz,D:\SIHwork_2026\data\training_tiles_clean\tiles_npz\S1A_20190824_r16932_c25024_negative.npz,negative,0,20.04356578825696,71.80856245694906,791240.0398668933,2216211.6731203357,796360.0398668933,2221331.6731203357,793800.0398668933,2218771.6731203357,0.7232314944267273,0.16741536557674408,0.36111825704574585,0.22399397194385529,36589,0.13957595825195312,1.7022145962470006
9,test,S1A_20190824,2019-08-24,S1A_20190824_r15908_c24512_negative.npz,D:\SIHwork_2026\data\training_tiles_clean\tiles_npz\S1A_20190824_r15908_c24512_negative.npz,negative,0,20.136762853637013,71.76128142490298,786120.0398668933,2226451.6731203357,791240.0398668933,2231571.6731203357,788680.0398668933,2229011.6731203357,0.8237432837486267,0.1576187014579773,0.3240530490875244,0.1990770846605301,12541,0.047840118408203125,1.5475321203493058
10,test,S1A_20190824,2019-08-24,S1A_20190824_r15396_c22976_negative.npz,D:\SIHwork_2026\data\training_tiles_clean\tiles_npz\S1A_20190824_r15396_c22976_negative.npz,negative,0,20.18522239688464,71.61524828341186,770760.0398668933,2231571.6731203357,775880.0398668933,2236691.6731203357,773320.0398668933,2234131.6731203357,0.7365589141845703,0.16307809948921204,0.3366093039512634,0.2087322622537613,21687,0.08272933959960938,1.5350552710300722
11,test,S1A_20190824,2019-08-24,S1A_20190824_r16420_c25024_negative.npz,D:\SIHwork_2026\data\training_tiles_clean\tiles_npz\S1A_20190824_r16420_c25024_negative.npz,negative,0,20.089777401431796,71.80938581987516,791240.0398668933,2221331.6731203357,796360.0398668933,2226451.6731203357,793800.0398668933,2223891.6731203357,0.6701738834381104,0.16492891311645508,0.347958505153656,0.2197999805212021,30250,0.11539459228515625,1.5197794098290942
12,test,S1A_20190824,2019-08-24,S1A_20190824_r15396_c23488_negative.npz,D:\SIHwork_2026\data\training_tiles_clean\tiles_npz\S1A_20190824_r15396_c23488_negative.npz,negative,0,20.18448714352701,71.66419939794865,775880.0398668933,2231571.6731203357,781000.0398668933,2236691.6731203357,778440.0398668933,2234131.6731203357,0.8286736011505127,0.15770357847213745,0.3156493008136749,0.1949886828660965,9884,0.0377044677734375,1.4863560187093867
13,test,S1A_20190824,2019-08-24,S1A_20190824_r15396_c25024_negative.npz,D:\SIHwork_2026\data\training_tiles_clean\tiles_npz\S1A_20190824_r15396_c25024_negative.npz,negative,0,20.182199804858858,71.81103945417478,791240.0398668933,2231571.6731203357,796360.0398668933,2236691.6731203357,793800.0398668933,2234131.6731203357,0.8620439171791077,0.1540273129940033,0.3131956458091736,0.18833193182945251,7494,0.02858734130859375,1.4484888407877134
14,test,S1A_20190824,2019-08-24,S1A_20190824_r16420_c21440_negative.npz,D:\SIHwork_2026\data\training_tiles_clean\tiles_npz\S1A_20190824_r16420_c21440_negative.npz,negative,0,20.09489858741588,71.46692961849925,755400.0398668933,2221331.6731203357,760520.0398668933,2226451.6731203357,757960.0398668933,2223891.6731203357,0.7347227931022644,0.1601458191871643,0.3281908333301544,0.203044593334198,15533,0.059253692626953125,1.439718709260734
15,test,S1A_20190824,2019-08-24,S1A_20190824_r16420_c25536_negative.npz,D:\SIHwork_2026\data\training_tiles_clean\tiles_npz\S1A_20190824_r16420_c25536_negative.npz,negative,0,20.088991691266617,71.8582992466186,796360.0398668933,2221331.6731203357,801480.0398668933,2226451.6731203357,798920.0398668933,2223891.6731203357,0.6611903309822083,0.16218110918998718,0.3525754511356354,0.21391740441322327,24097,0.09192276000976562,1.4271144161355838
16,test,S1A_20190824,2019-08-24,S1A_20190824_r16932_c20928_negative.npz,D:\SIHwork_2026\data\training_tiles_clean\tiles_npz\S1A_20190824_r16932_c20928_negative.npz,negative,0,20.049349975900135,71.41728994417961,750280.0398668933,2216211.6731203357,755400.0398668933,2221331.6731203357,752840.0398668933,2218771.6731203357,0.6736419200897217,0.16173017024993896,0.3573773503303528,0.21103444695472717,21984,0.0838623046875,1.4213486227057024
17,test,S1A_20190824,2019-08-24,S1A_20190824_r16420_c21952_negative.npz,D:\SIHwork_2026\data\training_tiles_clean\tiles_npz\S1A_20190824_r16420_c21952_negative.npz,negative,0,20.094207591484732,71.51585831921486,760520.0398668933,2221331.6731203357,765640.0398668933,2226451.6731203357,763080.0398668933,2223891.6731203357,0.7141110301017761,0.15891282260417938,0.31928688287734985,0.19805939495563507,11899,0.045391082763671875,1.3272807009365
18,test,S1A_20190824,2019-08-24,S1A_20190824_r16932_c21952_negative.npz,D:\SIHwork_2026\data\training_tiles_clean\tiles_npz\S1A_20190824_r16932_c21952_negative.npz,negative,0,20.0479849357097,71.51512074797122,760520.0398668933,2216211.6731203357,765640.0398668933,2221331.6731203357,763080.0398668933,2218771.6731203357,0.6848341226577759,0.15895506739616394,0.34331899881362915,0.19910429418087006,12515,0.047740936279296875,1.2864621654947053
19,test,S1A_20190824,2019-08-24,S1A_20190824_r15396_c24512_negative.npz,D:\SIHwork_2026\data\training_tiles_clean\tiles_npz\S1A_20190824_r15396_c24512_negative.npz,negative,0,20.182975844889466,71.76209502336532,786120.0398668933,2231571.6731203357,791240.0398668933,2236691.6731203357,788680.0398668933,2234131.6731203357,0.836292564868927,0.1533953696489334,0.30846935510635376,0.17741672694683075,5576,0.021270751953125,1.2799196504980253
20,test,S1A_20190824,2019-08-24,S1A_20190824_r16420_c20928_negative.npz,D:\SIHwork_2026\data\training_tiles_clean\tiles_npz\S1A_20190824_r16420_c20928_negative.npz,negative,0,20.09557604277063,71.41799889560215,750280.0398668933,2221331.6731203357,755400.0398668933,2226451.6731203357,752840.0398668933,2223891.6731203357,0.6747433543205261,0.15866616368293762,0.32975664734840393,0.19950662553310394,12758,0.04866790771484375,1.272656434778495
21,test,S1A_20190824,2019-08-24,S1A_20190824_r15908_c25024_negative.npz,D:\SIHwork_2026\data\training_tiles_clean\tiles_npz\S1A_20190824_r15908_c25024_negative.npz,negative,0,20.135988740485615,71.81021148458962,791240.0398668933,2226451.6731203357,796360.0398668933,2231571.6731203357,793800.0398668933,2229011.6731203357,0.8398922085762024,0.1529303789138794,0.31555241346359253,0.1751474142074585,4493,0.017139434814453125,1.2372259421298482
22,test,S1A_20190824,2019-08-24,S1A_20190824_r17956_c22464_positive.npz,D:\SIHwork_2026\data\training_tiles_clean\tiles_npz\S1A_20190824_r17956_c22464_positive.npz,positive,5801,19.954839554094374,71.56253562176764,765640.0398668933,2205971.6731203357,770760.0398668933,2211091.6731203357,768200.0398668933,2208531.6731203357,0.589994490146637,0.1601945161819458,0.3409305214881897,0.20611999928951263,17578,0.06705474853515625,1.1886688301823354
23,test,S1A_20190812,2019-08-12,S1A_20190812_r15908_c22975_positive.npz,D:\SIHwork_2026\data\training_tiles_clean\tiles_npz\S1A_20190812_r15908_c22975_positive.npz,positive,9984,20.13897182759278,71.61444109625509,770756.2547835225,2226448.068746178,775876.2547835225,2231568.068746178,773316.2547835225,2229008.068746178,0.595485270023346,0.15862907469272614,0.3532383441925049,0.20066246390342712,13438,0.05126190185546875,1.1358765809004285
24,test,S1A_20190824,2019-08-24,S1A_20190824_r16932_c21440_negative.npz,D:\SIHwork_2026\data\training_tiles_clean\tiles_npz\S1A_20190824_r16932_c21440_negative.npz,negative,0,20.04867420922423,71.46620635581604,755400.0398668933,2216211.6731203357,760520.0398668933,2221331.6731203357,757960.0398668933,2218771.6731203357,0.6858945488929749,0.15678800642490387,0.29709112644195557,0.18561843037605286,6371,0.024303436279296875,1.1152343223861403
25,test,S1A_20190824,2019-08-24,S1A_20190824_r16420_c22464_positive.npz,D:\SIHwork_2026\data\training_tiles_clean\tiles_npz\S1A_20190824_r16420_c22464_positive.npz,positive,7790,20.093503057376545,71.56478495777567,765640.0398668933,2221331.6731203357,770760.0398668933,2226451.6731203357,768200.0398668933,2223891.6731203357,0.7742181420326233,0.1542772352695465,0.3193138539791107,0.17354716360569,3321,0.012668609619140625,1.0894614476427067
26,test,S1A_20190812,2019-08-12,S1A_20190812_r15396_c24511_negative.npz,D:\SIHwork_2026\data\training_tiles_clean\tiles_npz\S1A_20190812_r15396_c24511_negative.npz,negative,0,20.18294388067278,71.76205826562524,786116.2547835225,2231568.068746178,791236.2547835225,2236688.068746178,788676.2547835225,2234128.068746178,0.54269939661026,0.1581479012966156,0.3328949213027954,0.203524649143219,14701,0.056079864501953125,1.059875302056624
27,test,S1A_20190812,2019-08-12,S1A_20190812_r15396_c23999_negative.npz,D:\SIHwork_2026\data\training_tiles_clean\tiles_npz\S1A_20190812_r15396_c23999_negative.npz,negative,0,20.18370631639522,71.71311157534456,780996.2547835225,2231568.068746178,786116.2547835225,2236688.068746178,783556.2547835225,2234128.068746178,0.5269814133644104,0.15859904885292053,0.33335888385772705,0.20247407257556915,14538,0.05545806884765625,1.0226764491688525
28,test,S1A_20190812,2019-08-12,S1A_20190812_r15396_c22975_negative.npz,D:\SIHwork_2026\data\training_tiles_clean\tiles_npz\S1A_20190812_r15396_c22975_negative.npz,negative,0,20.185190398584513,71.61521155118095,770756.2547835225,2231568.068746178,775876.2547835225,2236688.068746178,773316.2547835225,2234128.068746178,0.5477908849716187,0.15736806392669678,0.3384951949119568,0.196427583694458,11603,0.044261932373046875,1.0070513180275797
29,test,S1A_20190812,2019-08-12,S1A_20190812_r15908_c23999_positive.npz,D:\SIHwork_2026\data\training_tiles_clean\tiles_npz\S1A_20190812_r15908_c23999_positive.npz,positive,5290,20.13749143041714,71.71231236323969,780996.2547835225,2226448.068746178,786116.2547835225,2231568.068746178,783556.2547835225,2229008.068746178,0.5088160037994385,0.15896761417388916,0.3445245027542114,0.20295655727386475,15101,0.057605743408203125,0.9937004620446945
30,test,S1A_20190812,2019-08-12,S1A_20190812_r15908_c24511_negative.npz,D:\SIHwork_2026\data\training_tiles_clean\tiles_npz\S1A_20190812_r15908_c24511_negative.npz,negative,0,20.13673088781552,71.76124467938372,786116.2547835225,2226448.068746178,791236.2547835225,2231568.068746178,788676.2547835225,2229008.068746178,0.647293210029602,0.15524820983409882,0.31444042921066284,0.17738083004951477,4971,0.018962860107421875,0.9772772515732857
31,test,S1A_20190812,2019-08-12,S1A_20190812_r15908_c23487_positive.npz,D:\SIHwork_2026\data\training_tiles_clean\tiles_npz\S1A_20190812_r15908_c23487_positive.npz,positive,7929,20.13823841120747,71.66337782220116,775876.2547835225,2226448.068746178,780996.2547835225,2231568.068746178,778436.2547835225,2229008.068746178,0.5783530473709106,0.15657955408096313,0.33910226821899414,0.18680761754512787,8186,0.03122711181640625,0.9734799172163279
32,test,S1A_20190824,2019-08-24,S1A_20190824_r15396_c26048_negative.npz,D:\SIHwork_2026\data\training_tiles_clean\tiles_npz\S1A_20190824_r15396_c26048_negative.npz,negative,0,20.180606956849296,71.90892135189874,801480.0398668933,2231571.6731203357,806600.0398668933,2236691.6731203357,804040.0398668933,2234131.6731203357,0.7346305847167969,0.15000836551189423,0.28513669967651367,0.18930496275424957,780,0.0029754638671875,0.9262809607201066
33,test,S1A_20190812,2019-08-12,S1A_20190812_r15396_c23487_negative.npz,D:\SIHwork_2026\data\training_tiles_clean\tiles_npz\S1A_20190812_r15396_c23487_negative.npz,negative,0,20.184455156566177,71.66416265718298,775876.2547835225,2231568.068746178,780996.2547835225,2236688.068746178,778436.2547835225,2234128.068746178,0.5597918033599854,0.15579192340373993,0.32575228810310364,0.18347111344337463,7715,0.029430389404296875,0.9193233298843262
34,test,S1A_20190824,2019-08-24,S1A_20190824_r15908_c26048_negative.npz,D:\SIHwork_2026\data\training_tiles_clean\tiles_npz\S1A_20190824_r15908_c26048_negative.npz,negative,0,20.13439984740169,71.90806464940066,801480.0398668933,2226451.6731203357,806600.0398668933,2231571.6731203357,804040.0398668933,2229011.6731203357,0.7068568468093872,0.15762478113174438,0.22588112950325012,0.19029854238033295,64,0.000244140625,0.5615128096392955
35,test,S1A_20190824,2019-08-24,S1A_20190824_r16932_c26048_negative.npz,D:\SIHwork_2026\data\training_tiles_clean\tiles_npz\S1A_20190824_r16932_c26048_negative.npz,negative,0,20.041984798296994,71.90635839552777,801480.0398668933,2216211.6731203357,806600.0398668933,2221331.6731203357,804040.0398668933,2218771.6731203357,0.5685611963272095,0.17258985340595245,0.1918303221464157,0.19032472372055054,0,0.0,0.0
36,test,S1A_20190824,2019-08-24,S1A_20190824_r16420_c26048_negative.npz,D:\SIHwork_2026\data\training_tiles_clean\tiles_npz\S1A_20190824_r16420_c26048_negative.npz,negative,0,20.088192461028747,71.90721033167321,801480.0398668933,2221331.6731203357,806600.0398668933,2226451.6731203357,804040.0398668933,2223891.6731203357,0.5824130177497864,0.1648840457201004,0.1912611722946167,0.19030997157096863,0,0.0,0.0
37,test,S1A_20190824,2019-08-24,S1A_20190824_r15908_c23488_positive.npz,D:\SIHwork_2026\data\training_tiles_clean\tiles_npz\S1A_20190824_r15908_c23488_positive.npz,positive,7990,20.13827039972172,71.6634145507979,775880.0398668933,2226451.6731203357,781000.0398668933,2231571.6731203357,778440.0398668933,2229011.6731203357,0.8920690417289734,0.1578141748905182,0.18998849391937256,0.17216427624225616,0,0.0,0.0
38,test,S1A_20190824,2019-08-24,S1A_20190824_r15908_c22976_positive.npz,D:\SIHwork_2026\data\training_tiles_clean\tiles_npz\S1A_20190824_r15908_c22976_positive.npz,positive,9939,20.13900382742065,71.61447781634313,770760.0398668933,2226451.6731203357,775880.0398668933,2231571.6731203357,773320.0398668933,2229011.6731203357,0.8999847769737244,0.1587175726890564,0.18753167986869812,0.17413240671157837,0,0.0,0.0
